<ImportExportXml xmlns:xsi="http://www.w3.org/2001/XMLSchema-instance" OrganizationVersion="9.2.25051.184" OrganizationSchemaType="Standard" CRMServerServiceabilityVersion="9.2.25051.00184">
  <Entities></Entities>
  <Roles></Roles>
  <Workflows>
    <Workflow WorkflowId="{6fa94847-9c3f-f011-877a-6045bdf26262}" Name="Generate_Product_Sheet_WF">
      <JsonFileName>/Workflows/Generate_Product_Sheet_WF-6FA94847-9C3F-F011-877A-6045BDF26262.json</JsonFileName>
      <Type>1</Type>
      <Subprocess>0</Subprocess>
      <Category>5</Category>
      <Mode>0</Mode>
      <Scope>4</Scope>
      <OnDemand>0</OnDemand>
      <TriggerOnCreate>0</TriggerOnCreate>
      <TriggerOnDelete>0</TriggerOnDelete>
      <AsyncAutodelete>0</AsyncAutodelete>
      <SyncWorkflowLogOnFailure>0</SyncWorkflowLogOnFailure>
      <StateCode>1</StateCode>
      <StatusCode>2</StatusCode>
      <RunAs>1</RunAs>
      <IsTransacted>1</IsTransacted>
      <IntroducedVersion>1.0.0.0</IntroducedVersion>
      <IsCustomizable>1</IsCustomizable>
      <BusinessProcessType>0</BusinessProcessType>
      <IsCustomProcessingStepAllowedForOtherPublishers>1</IsCustomProcessingStepAllowedForOtherPublishers>
      <ModernFlowType>0</ModernFlowType>
      <PrimaryEntity>none</PrimaryEntity>
      <LocalizedNames>
        <LocalizedName languagecode="1033" description="Generate_Product_Sheet_WF" />
      </LocalizedNames>
    </Workflow>
  </Workflows>
  <FieldSecurityProfiles></FieldSecurityProfiles>
  <Templates />
  <EntityMaps />
  <EntityRelationships />
  <OrganizationSettings />
  <optionsets />
  <CustomControls />
  <EntityDataProviders />
  <CanvasApps>
    <CanvasApp>
      <Name>new_appgenerateproductdescriptions_ae5cb</Name>
      <AppVersion>2025-06-03T09:44:06Z</AppVersion>
      <Status>NotReady</Status>
      <CreatedByClientVersion>3.25053.6.0</CreatedByClientVersion>
      <MinClientVersion>3.25053.6.0</MinClientVersion>
      <Tags>{"primaryDeviceWidth":"1366","primaryDeviceHeight":"768","supportsPortrait":"true","supportsLandscape":"true","primaryFormFactor":"Tablet","showStatusBar":"false","publisherVersion":"3.25053.6","minimumRequiredApiVersion":"2.2.0","hasComponent":"false","hasUnlockedComponent":"false","isUnifiedRootApp":"false"}</Tags>
      <IsCdsUpgraded>0</IsCdsUpgraded>
      <GalleryItemId xsi:nil="true"></GalleryItemId>
      <BackgroundColor>RGBA(0,176,240,1)</BackgroundColor>
      <DisplayName>App Generate  Product Descriptions</DisplayName>
      <Description>Application to generate Product Sheet by Jihane Lazrag</Description>
      <CommitMessage>Save app with description provided in publish dialog.</CommitMessage>
      <Publisher xsi:nil="true"></Publisher>
      <AuthorizationReferences>[]</AuthorizationReferences>
      <ConnectionReferences>{"b84c596f-54a2-4f0f-bd99-8d6bf80506b0":{"id":"/providers/microsoft.powerapps/apis/shared_sharepointonline","displayName":"SharePoint","iconUri":"https://conn-afd-prod-endpoint-bmc9bqahasf3grgk.b01.azurefd.net/releases/v1.0.1746/1.0.1746.4174/sharepointonline/icon.png","dataSources":["SPListeProducts"],"dependencies":[],"dependents":[],"parameterHints":{},"parameterHintsV2":{},"isOnPremiseConnection":false,"bypassConsent":false,"dataSets":{"https://w4cx5.sharepoint.com/sites/Retail_new_SPSite":{"datasetOverride":{"environmentVariableName":"new_SPSite"},"dataSources":{"SPListeProducts":{"tableName":"74fdd6ff-12d8-466f-b9eb-3883c1e1b369","tableNameOverride":{"environmentVariableName":"new_SPListeProducts"}}}}},"apiTier":"Standard","actions":["providers/PowerPlatform.Governance/Operations/Read","providers/PowerPlatform.Governance/Operations/Write"]},"3461a2d4-7a9a-40f4-89f3-a6bf9fa597f1":{"id":"/providers/microsoft.powerapps/apis/shared_logicflows","displayName":"Logic flows","iconUri":"https://conn-afd-prod-endpoint-bmc9bqahasf3grgk.b01.azurefd.net/releases/v1.0.1745/1.0.1745.4169/logicflows/icon.png","dataSources":["Generate_Product_Sheet_WF"],"dependencies":["04026ddb-092b-4195-aeef-9f0f65b989c5"],"dependents":[],"parameterHints":{"workflowName":{"value":"c6ecb19c-c627-40b3-9dcd-c8f633060d84"},"workflowEntityId":{"value":"6fa94847-9c3f-f011-877a-6045bdf26262"},"workflowDisplayName":{"value":"Generate_Product_Sheet_WF"},"04026ddb-092b-4195-aeef-9f0f65b989c5":{"value":"shared_azureopenai"}},"parameterHintsV2":{"workflowName":{"value":"c6ecb19c-c627-40b3-9dcd-c8f633060d84"},"workflowEntityId":{"value":"6fa94847-9c3f-f011-877a-6045bdf26262"},"workflowDisplayName":{"value":"Generate_Product_Sheet_WF"},"shared_azureopenai":{"value":"04026ddb-092b-4195-aeef-9f0f65b989c5"}},"isOnPremiseConnection":false,"bypassConsent":false,"dataSets":{},"apiTier":"Standard","actions":["Run"]},"04026ddb-092b-4195-aeef-9f0f65b989c5":{"id":"/providers/microsoft.powerapps/apis/shared_azureopenai","xrmConnectionReferenceLogicalName":"new_sharedazureopenai_0080a","displayName":"Azure OpenAI","executionRestrictions":{"version":1,"modifiedOn":"2025-06-03 09:44:05","appVer":"3.25053.6","apiId":"unknown","policy":"{\"type\":\"unused\"}"},"iconUri":"https://conn-afd-prod-endpoint-bmc9bqahasf3grgk.b01.azurefd.net/releases/v1.0.1747/1.0.1748.4181/azureopenai/icon.png","dataSources":[],"dependencies":[],"dependents":["3461a2d4-7a9a-40f4-89f3-a6bf9fa597f1"],"parameterHints":{},"parameterHintsV2":{},"isOnPremiseConnection":false,"sharedConnectionId":"9c3ed13b-d8ef-40f7-bced-a14462fec5f2","bypassConsent":false,"dataSets":{},"apiTier":"Premium","authenticationType":"keyBasedAuth"}}</ConnectionReferences>
      <DatabaseReferences>{}</DatabaseReferences>
      <AppComponents>[]</AppComponents>
      <AppComponentDependencies>[]</AppComponentDependencies>
      <CanConsumeAppPass>1</CanConsumeAppPass>
      <CanvasAppType>0</CanvasAppType>
      <BypassConsent>0</BypassConsent>
      <AdminControlBypassConsent>0</AdminControlBypassConsent>
      <EmbeddedApp xsi:nil="true"></EmbeddedApp>
      <IntroducedVersion>1.0</IntroducedVersion>
      <CdsDependencies>{"cdsdependencies":[{"dependencyid":"6fa94847-9c3f-f011-877a-6045bdf26262","componenttype":29,"componenttypeplatformname":"Workflow"},{"logicalname":"new_sharedazureopenai_0080a","componenttype":10064,"componenttypeplatformname":"ConnectionReference"},{"logicalname":"new_SPSite","componenttype":380,"componenttypeplatformname":"EnvironmentVariableDefinition"},{"logicalname":"new_SPListeProducts","componenttype":380,"componenttypeplatformname":"EnvironmentVariableDefinition"}]}</CdsDependencies>
      <IsCustomizable>1</IsCustomizable>
      <BackgroundImageUri>/CanvasApps/new_appgenerateproductdescriptions_ae5cb_BackgroundImageUri</BackgroundImageUri>
      <DocumentUri>/CanvasApps/new_appgenerateproductdescriptions_ae5cb_DocumentUri.msapp</DocumentUri>
      <AdditionalUris>
        <AdditionalUri>/CanvasApps/new_appgenerateproductdescriptions_ae5cb_AdditionalUris0_identity.json</AdditionalUri>
      </AdditionalUris>
    </CanvasApp>
  </CanvasApps>
  <connectionreferences>
    <connectionreference connectionreferencelogicalname="new_sharedazureopenai_0080a">
      <connectionreferencedisplayname>Azure OpenAI ProductSheetGenerator-0080a</connectionreferencedisplayname>
      <connectorid>/providers/Microsoft.PowerApps/apis/shared_azureopenai</connectorid>
      <iscustomizable>1</iscustomizable>
      <promptingbehavior>0</promptingbehavior>
      <statecode>0</statecode>
      <statuscode>1</statuscode>
    </connectionreference>
  </connectionreferences>
  <Languages>
    <Language>1033</Language>
  </Languages>
</ImportExportXml>